{
    "answers": {
        "phase": "requirements specification",
        "action": "use case specification",
        "scope": "documentation (text)",
        "action experience": "fair",
        "prog lang": "n/a",
        "other prog lang": "n/a",
        "tool": "chat gpt 4.x",
        "other tool": "n/a",
        "tool option": "full",
        "tool experience": "enough",
        "time allocated (h)": "1",
        "time saved estimate (h)": "2",
        "quality of ai help": "minor modifications needed",
        "generic feeling": "great in the future",
        "notes": "AI provided a good starting point for user stories, minor tweaks needed."
    }
}