{
    "answers": {
        "phase": "design",
        "action": "design decision",
        "scope": "frontend",
        "action experience": "little",
        "prog lang": "js",
        "other prog lang": "n/a",
        "tool": "chat gpt 4.x",
        "other tool": "n/a",
        "tool option": "full",
        "tool experience": "enough",
        "time allocated (h)": "1",
        "time saved estimate (h)": "2",
        "quality of ai help": "ready-to-use",
        "generic feeling": "great as-is",
        "notes": "High-level UI design for movie search was effectively outlined."
    }
}