{
    "answers": {
        "phase": "coding",
        "action": "source code authoring",
        "scope": "backend",
        "action experience": "big",
        "prog lang": "python",
        "other prog lang": "n/a",
        "tool": "chat gpt 4.x",
        "other tool": "n/a",
        "tool option": "full",
        "tool experience": "enough",
        "time allocated (h)": "3",
        "time saved estimate (h)": "6",
        "quality of ai help": "ready-to-use",
        "generic feeling": "great as-is",
        "notes": "Used AI to optimize SQLAlchemy queries, reducing API response times."
    }
}