{
    "answers": {
        "phase": "design",
        "action": "architectural decision",
        "scope": "uml package",
        "action experience": "big",
        "prog lang": "n/a",
        "other prog lang": "Diagrams",
        "tool": "chat gpt 4.x",
        "other tool": "UML tools",
        "tool option": "full",
        "tool experience": "enough",
        "time allocated (h)": "25",
        "time saved estimate (h)": "35",
        "quality of ai help": "ready-to-use",
        "generic feeling": "great as-is",
        "notes": "Adopted Clean Architecture to enhance maintainability and scalability. Developed UML package diagrams to delineate the architecture's layered structure."
    }
}