{
    "answers": {
        "phase": "requirements gathering",
        "action": "requirements (functional)",
        "scope": "documentation (text)",
        "action experience": "big",
        "prog lang": "n/a",
        "other prog lang": "n/a",
        "tool": "chat gpt 4.x",
        "other tool": "n/a",
        "tool option": "full",
        "tool experience": "enough",
        "time allocated (h)": "1",
        "time saved estimate (h)": "2",
        "quality of ai help": "ready-to-use",
        "generic feeling": "great as-is",
        "notes": "AI effectively identified key functional and non-functional requirements."
    }
}