{
    "answers": {
        "phase": "coding",
        "action": "source code authoring",
        "scope": "data management",
        "action experience": "fair",
        "prog lang": "python",
        "other prog lang": "n/a",
        "tool": "chat gpt 4.x",
        "other tool": "Elasticsearch, PostgreSQL",
        "tool option": "full",
        "tool experience": "some",
        "time allocated (h)": "15",
        "time saved estimate (h)": "25",
        "quality of ai help": "minor modifications needed",
        "generic feeling": "great as-is",
        "notes": "Full-text search integration with PostgreSQL and Elasticsearch enhanced content discoverability and user experience."
    }
}