{
    "answers": {
        "phase": "testing",
        "action": "integration testing",
        "scope": "frontend",
        "action experience": "big",
        "prog lang": "js",
        "other prog lang": "n/a",
        "tool": "chat gpt 4.x",
        "other tool": "Cypress",
        "tool option": "full",
        "tool experience": "enough",
        "time allocated (h)": "8",
        "time saved estimate (h)": "12",
        "quality of ai help": "ready-to-use",
        "generic feeling": "great as-is",
        "notes": "End-to-end integration testing with Cypress verified the seamless interaction between React frontend and FastAPI backend."
    }
}