{
    "answers": {
        "phase": "coding",
        "action": "source code authoring",
        "scope": "frontend",
        "action experience": "fair",
        "prog lang": "js",
        "other prog lang": "n/a",
        "tool": "chat gpt 4.x",
        "other tool": "React",
        "tool option": "full",
        "tool experience": "some",
        "time allocated (h)": "2",
        "time saved estimate (h)": "4",
        "quality of ai help": "minor modifications needed",
        "generic feeling": "great as-is",
        "notes": "Applied memoization techniques in React components, significantly improving app performance and user experience."
    }
}