{
    "answers": {
        "phase": "coding",
        "action": "source code authoring",
        "scope": "frontend",
        "action experience": "fair",
        "prog lang": "python",
        "other prog lang": "n/a",
        "tool": "chat gpt 4.x",
        "other tool": "n/a",
        "tool option": "full",
        "tool experience": "some",
        "time allocated (h)": "15",
        "time saved estimate (h)": "25",
        "quality of ai help": "minor modifications needed",
        "generic feeling": "great in the future",
        "notes": "Integrating WebSockets for real-time communication between our React frontend and FastAPI backend, based on AI advice, significantly improved user experience with live updates."
    }
}