{
    "answers": {
        "phase": "coding",
        "action": "source code authoring",
        "scope": "data management",
        "action experience": "big",
        "prog lang": "python",
        "other prog lang": "n/a",
        "tool": "chat gpt 4.x",
        "other tool": "FastAPI, SQLAlchemy",
        "tool option": "full",
        "tool experience": "enough",
        "time allocated (h)": "3",
        "time saved estimate (h)": "5",
        "quality of ai help": "ready-to-use",
        "generic feeling": "great as-is",
        "notes": "Utilized FastAPI's dependency injection system for efficient database session management, streamlining API development."
    }
}