{
    "answers": {
        "phase": "coding",
        "action": "source code authoring",
        "scope": "frontend",
        "action experience": "fair",
        "prog lang": "js",
        "other prog lang": "CSS (for media queries)",
        "tool": "chat gpt 4.x",
        "other tool": "Bootstrap, Material-UI",
        "tool option": "full",
        "tool experience": "some",
        "time allocated (h)": "20",
        "time saved estimate (h)": "30",
        "quality of ai help": "minor modifications needed",
        "generic feeling": "great as-is",
        "notes": "Leveraging CSS frameworks and media queries enabled a seamless responsive UI across devices."
    }
}