id,title_id,watchlist_id
1,tt0095111,1
2,tt0099015,1
3,tt0096107,1
4,tt0097542,1
5,tt0100216,1
6,tt0096397,2
7,tt0096845,2
8,tt0097062,2
10,tt0098707,2
11,tt0101729,3
12,tt0097863,3
13,tt0099018,3
14,tt0067460,3
15,tt0099017,3
16,tt0096780,4
17,tt0034841,4
18,tt0097697,4
19,tt0094808,4
20,tt0098461,4
21,tt0099105,5
22,tt0096174,5
23,tt0095006,5
24,tt0097416,5
25,tt0097775,5
26,tt0099023,6
27,tt0102379,6
28,tt0101837,6
29,tt0097863,6
30,tt0099096,6
31,tt0094857,7
32,tt0102199,7
33,tt0099745,7
34,tt0095102,7
35,tt0095831,7
36,tt0101837,8
37,tt0102416,8
38,tt0100482,8
39,tt0103046,8
40,tt0096363,8
41,tt0097644,9
42,tt0097738,9
43,tt0098462,9
44,tt0099005,9
45,tt0101480,9
46,tt0097655,10
47,tt0099060,10
48,tt0098998,10
49,tt0099835,10
50,tt0103054,10
51,tt0093989,11
52,tt0096346,11
53,tt0099217,11
54,tt0096864,11
55,tt0094926,11
56,tt0097979,12
57,tt0098542,12
58,tt0096899,12
59,tt0102925,12
60,tt0097475,12
61,tt0097894,13
62,tt0098405,13
63,tt0097928,13
64,tt0096025,13
65,tt0097049,13
66,tt0099001,14
67,tt0096090,14
68,tt0101246,14
69,tt0098150,14
70,tt0097479,14
71,tt0098172,15
72,tt0098991,15
73,tt0090785,15
74,tt0097912,15
75,tt0098989,15
76,tt0097525,16
77,tt0100750,16
78,tt0101750,16
79,tt0101095,16
80,tt0097966,16
81,tt0101246,17
82,tt0091490,17
83,tt0099008,17
84,tt0098553,17
85,tt0102199,17
86,tt0097644,18
87,tt0097769,18
88,tt0102856,18
89,tt0098422,18
90,tt0097893,18
91,tt0096860,19
92,tt0096154,19
93,tt0093061,19
94,tt0094666,19
95,tt0101095,19
96,tt0101655,20
97,tt0099102,20
98,tt0091490,20
99,tt0102378,20
100,tt0096797,20
101,tt0100255,21
102,tt0099060,21
103,tt0097057,21
104,tt0090869,21
105,tt0095671,21
106,tt0098967,22
107,tt0094376,22
108,tt0101835,22
109,tt0097115,22
110,tt0094688,22
111,tt0099744,23
112,tt0100748,23
113,tt0034841,23
114,tt0095783,23
115,tt0099058,23
116,tt0103071,24
117,tt0097550,24
118,tt0103053,24
119,tt0099031,24
120,tt0096875,24
121,tt0097697,25
122,tt0097638,25
123,tt0097769,25
124,tt0096177,25
125,tt0040844,25
126,tt0097079,26
127,tt0097783,26
128,tt0098004,26
129,tt0099003,26
130,tt0096883,26
131,tt0097525,27
132,tt0098181,27
133,tt0092926,27
134,tt0084015,27
135,tt0098977,27
136,tt0094997,28
137,tt0092589,28
138,tt0097184,28
139,tt0100948,28
140,tt0097910,28
141,tt0101894,29
142,tt0098707,29
143,tt0099058,29
144,tt0098405,29
145,tt0084870,29
146,tt0098043,30
147,tt0102281,30
148,tt0098422,30
149,tt0101836,30
150,tt0099139,30
151,tt0102012,31
152,tt0068494,31
153,tt0097855,31
154,tt0101274,31
155,tt0099032,31
156,tt0099035,32
157,tt0098976,32
158,tt0098063,32
159,tt0101915,32
160,tt0098966,32
161,tt0095469,33
162,tt0099011,33
163,tt0098588,33
164,tt0097475,33
165,tt0096135,33
166,tt0100710,34
167,tt0098318,34
168,tt0099033,34
169,tt0097348,34
170,tt0102863,34
171,tt0084551,35
172,tt0081145,35
173,tt0099746,35
174,tt0098495,35
175,tt0096090,35
176,tt0096830,36
177,tt0097324,36
178,tt0096954,36
179,tt0101837,36
180,tt0095201,36
181,tt0081008,37
182,tt0098658,37
183,tt0103149,37
184,tt0096838,37
185,tt0095201,37
186,tt0101655,38
187,tt0098139,38
188,tt0098992,38
189,tt0097176,38
190,tt0096763,38
191,tt0097479,39
192,tt0101729,39
193,tt0096775,39
194,tt0097970,39
195,tt0095902,39
196,tt0084870,40
197,tt0096954,40
198,tt0097924,40
199,tt0100370,40
200,tt0100754,40
201,tt0096469,41
202,tt0099031,41
203,tt0097004,41
204,tt0099835,41
205,tt0097697,41
206,tt0100770,42
207,tt0084447,42
208,tt0099992,42
209,tt0099147,42
210,tt0083837,42
211,tt0101836,43
212,tt0094376,43
213,tt0097111,43
214,tt0097516,43
215,tt0098488,43
216,tt0098979,44
217,tt0096035,44
218,tt0095147,44
219,tt0102111,44
220,tt0097451,44
221,tt0100474,45
222,tt0097253,45
223,tt0098050,45
224,tt0096877,45
225,tt0097697,45
226,tt0096361,46
227,tt0081145,46
228,tt0093572,46
229,tt0083837,46
230,tt0097550,46
231,tt0097140,47
232,tt0065188,47
233,tt0103054,47
234,tt0093211,47
235,tt0098977,47
236,tt0099851,48
237,tt0100718,48
238,tt0097638,48
239,tt0103047,48
240,tt0097970,48
241,tt0083837,49
242,tt0101246,49
243,tt0099457,49
244,tt0096875,49
246,tt0103047,50
247,tt0098707,50
248,tt0096786,50
249,tt0097874,50
250,tt0098172,50
