{
    "answers": {
        "phase": "coding",
        "action": "source code authoring",
        "scope": "api",
        "action experience": "big",
        "prog lang": "python",
        "other prog lang": "n/a",
        "tool": "chat gpt 4.x",
        "other tool": "n/a",
        "tool option": "full",
        "tool experience": "enough",
        "time allocated (h)": "8",
        "time saved estimate (h)": "10",
        "quality of ai help": "ready-to-use",
        "generic feeling": "great as-is",
        "notes": "Successfully implemented secure user authentication in FastAPI using OAuth2 and JWT as per AI's recommendations, enhancing app security."
    }
}