{
    "answers": {
        "phase": "testing",
        "action": "integration testing",
        "scope": "backend",
        "action experience": "fair",
        "prog lang": "python",
        "other prog lang": "n/a",
        "tool": "chat gpt 4.x",
        "other tool": "pytest, unittest.mock",
        "tool option": "full",
        "tool experience": "some",
        "time allocated (h)": "4",
        "time saved estimate (h)": "6",
        "quality of ai help": "minor modifications needed",
        "generic feeling": "great as-is",
        "notes": "Mocking external services in tests isolated the app logic, ensuring tests were not dependent on external API availability."
    }
}