{
    "answers": {
        "phase": "design",
        "action": "architectural decision",
        "scope": "backend",
        "action experience": "big",
        "prog lang": "n/a",
        "other prog lang": "Diagrams",
        "tool": "chat gpt 4.x",
        "other tool": "UML tools",
        "tool option": "full",
        "tool experience": "enough",
        "time allocated (h)": "20",
        "time saved estimate (h)": "30",
        "quality of ai help": "ready-to-use",
        "generic feeling": "great as-is",
        "notes": "Visualized an event-driven architecture for microservices using UML, enhancing system responsiveness and scalability."
    }
}