{
    "answers": {
        "phase": "testing",
        "action": "unit testing",
        "scope": "frontend",
        "action experience": "fair",
        "prog lang": "js",
        "other prog lang": "n/a",
        "tool": "chat gpt 4.x",
        "other tool": "Jest, React Testing Library",
        "tool option": "full",
        "tool experience": "some",
        "time allocated (h)": "2",
        "time saved estimate (h)": "3",
        "quality of ai help": "ready-to-use",
        "generic feeling": "great as-is",
        "notes": "React component testing with Jest and React Testing Library ensured component rendering accuracy."
    }
}