{
    "answers": {
        "phase": "coding",
        "action": "source code authoring",
        "scope": "backend",
        "action experience": "big",
        "prog lang": "python",
        "other prog lang": "n/a",
        "tool": "chat gpt 4.x",
        "other tool": "SQLAlchemy, Alembic",
        "tool option": "full",
        "tool experience": "enough",
        "time allocated (h)": "10",
        "time saved estimate (h)": "15",
        "quality of ai help": "minor modifications needed",
        "generic feeling": "great as-is",
        "notes": "Optimizing SQL queries through indexing and batch operations significantly improved database performance."
    }
}