{
    "answers": {
        "phase": "design",
        "action": "design decision",
        "scope": "uml activity",
        "action experience": "fair",
        "prog lang": "n/a",
        "other prog lang": "Diagrams",
        "tool": "chat gpt 4.x",
        "other tool": "UML tools",
        "tool option": "full",
        "tool experience": "some",
        "time allocated (h)": "12",
        "time saved estimate (h)": "18",
        "quality of ai help": "minor modifications needed",
        "generic feeling": "great in the future",
        "notes": "Employed UML activity diagrams to map out architectural decision-making processes, clarifying complex decisions and pathways."
    }
}