{
    "answers": {
        "phase": "design",
        "action": "design decision",
        "scope": "backend",
        "action experience": "fair",
        "prog lang": "n/a",
        "other prog lang": "Diagrams",
        "tool": "chat gpt 4.x",
        "other tool": "UML tools",
        "tool option": "full",
        "tool experience": "some",
        "time allocated (h)": "10",
        "time saved estimate (h)": "15",
        "quality of ai help": "minor modifications needed",
        "generic feeling": "great in the future",
        "notes": "Applied the Repository pattern to decouple domain logic from data access layers, visualized with UML class diagrams for clarity."
    }
}