{
    "answers": {
        "phase": "coding",
        "action": "source code authoring",
        "scope": "frontend",
        "action experience": "fair",
        "prog lang": "js",
        "other prog lang": "n/a",
        "tool": "chat gpt 4.x",
        "other tool": "Redux, React-Redux",
        "tool option": "full",
        "tool experience": "some",
        "time allocated (h)": "12",
        "time saved estimate (h)": "20",
        "quality of ai help": "minor modifications needed",
        "generic feeling": "great as-is",
        "notes": "Redux integration for state management, following AI guidelines, provided a robust framework for managing global state across our React app."
    }
}