{
    "answers": {
        "phase": "design",
        "action": "design decision",
        "scope": "backend",
        "action experience": "fair",
        "prog lang": "n/a",
        "other prog lang": "Diagrams",
        "tool": "chat gpt 4.x",
        "other tool": "UML tools",
        "tool option": "full",
        "tool experience": "some",
        "time allocated (h)": "20",
        "time saved estimate (h)": "30",
        "quality of ai help": "minor modifications needed",
        "generic feeling": "great in the future",
        "notes": "Incorporated several design patterns addressing common software engineering challenges, enhancing code modularity and reusability. Visualized interactions using UML sequence diagrams."
    }
}