{
    "answers": {
        "phase": "coding",
        "action": "source code authoring",
        "scope": "api",
        "action experience": "fair",
        "prog lang": "python",
        "other prog lang": "n/a",
        "tool": "chat gpt 4.x",
        "other tool": "n/a",
        "tool option": "full",
        "tool experience": "some",
        "time allocated (h)": "4",
        "time saved estimate (h)": "8",
        "quality of ai help": "minor modifications needed",
        "generic feeling": "needs work",
        "notes": "Implementing secure authentication required adapting AI suggestions to our specific use case."
    }
}