{
    "answers": {
        "phase": "design",
        "action": "design decision",
        "scope": "uml class",
        "action experience": "big",
        "prog lang": "n/a",
        "other prog lang": "Diagrams",
        "tool": "chat gpt 4.x",
        "other tool": "UML tools",
        "tool option": "full",
        "tool experience": "enough",
        "time allocated (h)": "30",
        "time saved estimate (h)": "45",
        "quality of ai help": "ready-to-use",
        "generic feeling": "great as-is",
        "notes": "Applied DDD principles, structuring the application around the business domain. Created UML class diagrams to represent domain models clearly."
    }
}