{
    "answers": {
        "phase": "coding",
        "action": "source code authoring",
        "scope": "api",
        "action experience": "fair",
        "prog lang": "python",
        "other prog lang": "n/a",
        "tool": "chat gpt 4.x",
        "other tool": "Graphene, FastAPI",
        "tool option": "full",
        "tool experience": "some",
        "time allocated (h)": "10",
        "time saved estimate (h)": "15",
        "quality of ai help": "minor modifications needed",
        "generic feeling": "great in the future",
        "notes": "Introduced GraphQL to the project, offering a more flexible and efficient way to fetch data."
    }
}