{
    "answers": {
        "phase": "coding",
        "action": "source code authoring",
        "scope": "backend",
        "action experience": "big",
        "prog lang": "python",
        "other prog lang": "n/a",
        "tool": "chat gpt 4.x",
        "other tool": "Scikit-learn, FastAPI",
        "tool option": "full",
        "tool experience": "enough",
        "time allocated (h)": "20",
        "time saved estimate (h)": "30",
        "quality of ai help": "ready-to-use",
        "generic feeling": "great as-is",
        "notes": "Integrated a machine learning model for personalized recommendations, enhancing user engagement."
    }
}