{
    "answers": {
        "phase": "design",
        "action": "design decision",
        "scope": "frontend",
        "action experience": "little",
        "prog lang": "js",
        "other prog lang": "n/a",
        "tool": "chat gpt 4.x",
        "other tool": "n/a",
        "tool option": "full",
        "tool experience": "enough",
        "time allocated (h)": "1",
        "time saved estimate (h)": "2",
        "quality of ai help": "minor modifications needed",
        "generic feeling": "great in the future",
        "notes": "AI provided a basic framework for user feedback on movies."
    }
}