{
    "answers": {
        "phase": "deployment",
        "action": "dev-ops",
        "scope": "test execution scripts",
        "action experience": "big",
        "prog lang": "other",
        "other prog lang": "n/a",
        "tool": "chat gpt 4.x",
        "other tool": "GitHub Actions, Heroku",
        "tool option": "full",
        "tool experience": "enough",
        "time allocated (h)": "15",
        "time saved estimate (h)": "25",
        "quality of ai help": "ready-to-use",
        "generic feeling": "great as-is",
        "notes": "Developed advanced CI/CD pipelines for both backend and frontend, streamlining deployment and testing processes."
    }
}