{
    "answers": {
        "phase": "architecture",
        "action": "architectural decision",
        "scope": "data management",
        "action experience": "fair",
        "prog lang": "sql",
        "other prog lang": "nosql db",
        "tool": "chat gpt 4.x",
        "other tool": "n/a",
        "tool option": "full",
        "tool experience": "enough",
        "time allocated (h)": "1",
        "time saved estimate (h)": "2",
        "quality of ai help": "ready-to-use",
        "generic feeling": "great as-is",
        "notes": "AI provided efficient solutions for data management with relational and NoSQL databases."
    }
}