{
    "answers": {
        "phase": "coding",
        "action": "source code authoring",
        "scope": "backend",
        "action experience": "fair",
        "prog lang": "js",
        "other prog lang": "n/a",
        "tool": "chat gpt 4.x",
        "other tool": "FastAPI, websockets",
        "tool option": "full",
        "tool experience": "some",
        "time allocated (h)": "10",
        "time saved estimate (h)": "15",
        "quality of ai help": "minor modifications needed",
        "generic feeling": "great in the future",
        "notes": "Enabled real-time collaboration features using FastAPI WebSockets, enhancing interactive user capabilities."
    }
}