{
    "answers": {
        "phase": "design",
        "action": "design decision",
        "scope": "deployment scripts",
        "action experience": "big",
        "prog lang": "n/a",
        "other prog lang": "YAML (for deployment), Diagrams",
        "tool": "chat gpt 4.x",
        "other tool": "Docker, Kubernetes, UML tools",
        "tool option": "full",
        "tool experience": "enough",
        "time allocated (h)": "40",
        "time saved estimate (h)": "60",
        "quality of ai help": "ready-to-use",
        "generic feeling": "great as-is",
        "notes": "Adopted microservices architecture, enhancing scalability and maintainability. Developed UML component and deployment diagrams to visualize and plan the system's architecture."
    }
}