{
    "answers": {
        "phase": "coding",
        "action": "source code authoring",
        "scope": "backend",
        "action experience": "big",
        "prog lang": "python",
        "other prog lang": "n/a",
        "tool": "chat gpt 4.x",
        "other tool": "FastAPI, WebSockets",
        "tool option": "full",
        "tool experience": "enough",
        "time allocated (h)": "12",
        "time saved estimate (h)": "18",
        "quality of ai help": "minor modifications needed",
        "generic feeling": "great as-is",
        "notes": "Enabled real-time data processing and visualization, providing dynamic user interfaces for data interaction."
    }
}