{
    "answers": {
        "phase": "testing",
        "action": "integration testing",
        "scope": "backend",
        "action experience": "fair",
        "prog lang": "python",
        "other prog lang": "n/a",
        "tool": "chat gpt 4.x",
        "other tool": "pytest",
        "tool option": "full",
        "tool experience": "some",
        "time allocated (h)": "5",
        "time saved estimate (h)": "7",
        "quality of ai help": "minor modifications needed",
        "generic feeling": "great as-is",
        "notes": "WebSocket testing ensured real-time communication features worked as expected, enhancing the app's interactive capabilities."
    }
}