{
    "answers": {
        "phase": "design",
        "action": "design decision",
        "scope": "frontend",
        "action experience": "little",
        "prog lang": "js",
        "other prog lang": "n/a",
        "tool": "chat gpt 4.x",
        "other tool": "n/a",
        "tool option": "full",
        "tool experience": "none",
        "time allocated (h)": "5",
        "time saved estimate (h)": "10",
        "quality of ai help": "major modifications needed",
        "generic feeling": "great in the future",
        "notes": "Virtualization suggestions for React improved frontend performance but required significant adaptation."
    }
}