{
    "answers": {
        "phase": "testing",
        "action": "functional testing",
        "scope": "frontend",
        "action experience": "fair",
        "prog lang": "js",
        "other prog lang": "n/a",
        "tool": "chat gpt 4.x",
        "other tool": "Jest, React Testing Library",
        "tool option": "full",
        "tool experience": "some",
        "time allocated (h)": "10",
        "time saved estimate (h)": "15",
        "quality of ai help": "minor modifications needed",
        "generic feeling": "great as-is",
        "notes": "Integrating Jest and React Testing Library based on AI advice streamlined our testing process, improving test coverage and reliability."
    }
}