{
    "answers": {
        "phase": "architecture",
        "action": "architectural decision",
        "scope": "backend",
        "action experience": "fair",
        "prog lang": "js-node",
        "other prog lang": "n/a",
        "tool": "chat gpt 4.x",
        "other tool": "n/a",
        "tool option": "full",
        "tool experience": "enough",
        "time allocated (h)": "1",
        "time saved estimate (h)": "2",
        "quality of ai help": "ready-to-use",
        "generic feeling": "great as-is",
        "notes": "Outlined a secure and scalable approach for user authentication and session management."
    }
}