{
    "answers": {
        "phase": "coding",
        "action": "source code authoring",
        "scope": "backend",
        "action experience": "big",
        "prog lang": "python",
        "other prog lang": "n/a",
        "tool": "chat gpt 4.x",
        "other tool": "n/a",
        "tool option": "full",
        "tool experience": "enough",
        "time allocated (h)": "5",
        "time saved estimate (h)": "8",
        "quality of ai help": "ready-to-use",
        "generic feeling": "great as-is",
        "notes": "Applying asynchronous programming practices in FastAPI, as recommended by AI, enhanced our app's ability to handle concurrent requests efficiently."
    }
}