{
    "answers": {
        "phase": "design",
        "action": "architectural decision",
        "scope": "backend",
        "action experience": "big",
        "prog lang": "n/a",
        "other prog lang": "Diagrams",
        "tool": "chat gpt 4.x",
        "other tool": "UML tools",
        "tool option": "full",
        "tool experience": "enough",
        "time allocated (h)": "14",
        "time saved estimate (h)": "22",
        "quality of ai help": "ready-to-use",
        "generic feeling": "great as-is",
        "notes": "Developed a UML component diagram to illustrate the API Gateway pattern, streamlining service communication and client interactions."
    }
}