{
    "answers": {
        "phase": "design",
        "action": "data design",
        "scope": "database design",
        "action experience": "big",
        "prog lang": "sql",
        "other prog lang": "Diagrams",
        "tool": "chat gpt 4.x",
        "other tool": "UML tools",
        "tool option": "full",
        "tool experience": "enough",
        "time allocated (h)": "16",
        "time saved estimate (h)": "24",
        "quality of ai help": "ready-to-use",
        "generic feeling": "great as-is",
        "notes": "Designed a scalable database schema using UML class diagrams, optimizing for complex queries and future scalability."
    }
}