{
    "answers": {
        "phase": "deployment",
        "action": "architectural decision",
        "scope": "security",
        "action experience": "big",
        "prog lang": "python",
        "other prog lang": "n/a",
        "tool": "chat gpt 4.x",
        "other tool": "FastAPI",
        "tool option": "full",
        "tool experience": "enough",
        "time allocated (h)": "5",
        "time saved estimate (h)": "8",
        "quality of ai help": "ready-to-use",
        "generic feeling": "great as-is",
        "notes": "Implemented backend proxy for secure API key handling, mitigating front-end exposure risks."
    }
}