{
    "answers": {
        "phase": "coding",
        "action": "source code authoring",
        "scope": "frontend",
        "action experience": "fair",
        "prog lang": "js",
        "other prog lang": "n/a",
        "tool": "chat gpt 4.x",
        "other tool": "React",
        "tool option": "full",
        "tool experience": "some",
        "time allocated (h)": "8",
        "time saved estimate (h)": "12",
        "quality of ai help": "ready-to-use",
        "generic feeling": "great as-is",
        "notes": "Implemented advanced state management using Context API and Hooks, simplifying state flow and accessibility across components."
    }
}