{
    "answers": {
        "phase": "coding",
        "action": "source code authoring",
        "scope": "frontend",
        "action experience": "big",
        "prog lang": "js",
        "other prog lang": "n/a",
        "tool": "chat gpt 4.x",
        "other tool": "n/a",
        "tool option": "full",
        "tool experience": "enough",
        "time allocated (h)": "6",
        "time saved estimate (h)": "12",
        "quality of ai help": "ready-to-use",
        "generic feeling": "great as-is",
        "notes": "Context API and Redux suggestions were directly applicable, streamlining state management."
    }
}