{
    "answers": {
        "phase": "coding",
        "action": "source code authoring",
        "scope": "api",
        "action experience": "big",
        "prog lang": "python",
        "other prog lang": "n/a",
        "tool": "chat gpt 4.x",
        "other tool": "n/a",
        "tool option": "full",
        "tool experience": "enough",
        "time allocated (h)": "12",
        "time saved estimate (h)": "20",
        "quality of ai help": "ready-to-use",
        "generic feeling": "great as-is",
        "notes": "Implementing comprehensive security measures, including HTTPS, OAuth2, JWT, and CORS, significantly bolstered our application's security posture."
    }
}