{
    "answers": {
        "phase": "coding",
        "action": "source code authoring",
        "scope": "frontend",
        "action experience": "fair",
        "prog lang": "js",
        "other prog lang": "n/a",
        "tool": "chat gpt 4.x",
        "other tool": "socket.io-client, websockets",
        "tool option": "full",
        "tool experience": "some",
        "time allocated (h)": "18",
        "time saved estimate (h)": "30",
        "quality of ai help": "minor modifications needed",
        "generic feeling": "great in the future",
        "notes": "Real-time data updates using WebSockets improved interactivity and user engagement in the application."
    }
}