{
    "answers": {
        "phase": "design",
        "action": "architectural decision",
        "scope": "uml deployment",
        "action experience": "big",
        "prog lang": "n/a",
        "other prog lang": "Diagrams",
        "tool": "chat gpt 4.x",
        "other tool": "UML tools",
        "tool option": "full",
        "tool experience": "enough",
        "time allocated (h)": "15",
        "time saved estimate (h)": "20",
        "quality of ai help": "ready-to-use",
        "generic feeling": "great as-is",
        "notes": "Implemented SOA principles for seamless integration with external services, facilitating modularity and interoperability. Utilized UML deployment diagrams for planning and visualization."
    }
}