{
    "answers": {
        "phase": "design",
        "action": "data design",
        "scope": "database design",
        "action experience": "fair",
        "prog lang": "sql",
        "other prog lang": "n/a",
        "tool": "chat gpt 4.x",
        "other tool": "n/a",
        "tool option": "full",
        "tool experience": "some",
        "time allocated (h)": "2",
        "time saved estimate (h)": "4",
        "quality of ai help": "minor modifications needed",
        "generic feeling": "great as-is",
        "notes": "AI suggested indexing strategies for PostgreSQL, which improved query performance significantly."
    }
}