{
    "answers": {
        "phase": "testing",
        "action": "integration testing",
        "scope": "api",
        "action experience": "fair",
        "prog lang": "python",
        "other prog lang": "n/a",
        "tool": "chat gpt 4.x",
        "other tool": "pytest, FastAPI TestClient",
        "tool option": "full",
        "tool experience": "some",
        "time allocated (h)": "3",
        "time saved estimate (h)": "5",
        "quality of ai help": "ready-to-use",
        "generic feeling": "great as-is",
        "notes": "Testing FastAPI endpoints with TestClient confirmed API reliability and response accuracy."
    }
}